name,district,location,warehouseType,ownershipType,sourceType,numberOfGodowns,capacityMt,latitude,longitude,availableCapacityKg,storageType,storageCostPerKg,wdraRegistered,eNwrEligible,verified,active,sourceReference
Erode Regulated Market Godowns,Erode,Erode Market Yard,GODOWN,GOVERNMENT,GOVERNMENT_OFFICIAL,4,10000,,,,Dry Godown Storage,,false,false,true,true,Tamil Nadu Agricultural Marketing Department - Infrastructure
Perundurai Regulated Market Godowns,Erode,Perundurai Market Complex,GODOWN,GOVERNMENT,GOVERNMENT_OFFICIAL,3,6000,,,,Dry Godown Storage,,false,false,true,true,Tamil Nadu Agricultural Marketing Department - Infrastructure
Dindigul Regulated Market Storage,Dindigul,Dindigul Central Market,GODOWN,GOVERNMENT,GOVERNMENT_OFFICIAL,5,12500,,,,Dry Godown Storage,,false,false,true,true,Tamil Nadu Agricultural Marketing Department - Infrastructure
Oddanchatram Agricultural Storage Complex,Dindigul,Oddanchatram Market Yard,COLD_STORAGE,GOVERNMENT,GOVERNMENT_OFFICIAL,2,5000,,,,Cold & Controlled Atmosphere,,false,false,true,true,Tamil Nadu Agricultural Marketing Department - Infrastructure
Kallakurichi Regulated Market Storage,Kallakurichi,Kallakurichi Market Yard,GODOWN,GOVERNMENT,GOVERNMENT_OFFICIAL,3,7500,,,,Dry Godown Storage,,false,false,true,true,Tamil Nadu Agricultural Marketing Department - Infrastructure
Thirukoilur Regulated Market Godowns,Kallakurichi,Thirukoilur Center,GODOWN,GOVERNMENT,GOVERNMENT_OFFICIAL,2,4000,,,,Dry Godown Storage,,false,false,true,true,Tamil Nadu Agricultural Marketing Department - Infrastructure
Tiruvannamalai Regulated Market Storage,Tiruvannamalai,Tiruvannamalai Main Yard,GODOWN,GOVERNMENT,GOVERNMENT_OFFICIAL,6,15000,,,,Dry Godown Storage,,false,false,true,true,Tamil Nadu Agricultural Marketing Department - Infrastructure
Arani Regulated Market Paddy Godowns,Tiruvannamalai,Arani Agricultural Yard,GODOWN,GOVERNMENT,GOVERNMENT_OFFICIAL,4,9000,,,,Dry Godown Storage,,false,false,true,true,Tamil Nadu Agricultural Marketing Department - Infrastructure
Madurai Regulated Market Storage Complex,Madurai,Mattuthavani Agro Complex,GODOWN,GOVERNMENT,GOVERNMENT_OFFICIAL,5,11000,,,,Dry Godown Storage,,false,false,true,true,Tamil Nadu Agricultural Marketing Department - Infrastructure
Cuddalore Regulated Market Godowns,Cuddalore,Cuddalore Port Road Yard,GODOWN,GOVERNMENT,GOVERNMENT_OFFICIAL,3,6500,,,,Dry Godown Storage,,false,false,true,true,Tamil Nadu Agricultural Marketing Department - Infrastructure
